lat,lon,"hosted__unhosted","license_number","address","last_edited_date"
38.0939669999426,-84.5494425003634,"U","15028662-3","232 Woodbrook  Place","2025/03/04 14:02:03.429+00"
38.1036510001117,-84.5267039995192,"U","15028662-5","2716 Goldenrod  Lane","2025/03/04 14:02:03.429+00"
37.9791899996824,-84.5208720001837,"U","15028662-6","313 Harvard Drive","2025/03/04 14:02:03.429+00"
37.9764989998129,-84.5657864996121,"U","15028662-7","3901 Rosebank  Circle","2025/03/04 14:02:03.429+00"
38.0984670003773,-84.5248319997611,"U","15028662-8","981 Applecross  Drive","2025/03/04 14:02:03.429+00"
38.0486699998909,-84.5075474995267,"U","15028662-9","712 W Maxwell  Street","2025/03/04 14:02:03.429+00"
38.0831399996355,-84.5579699994964,"U","15028662-2","220 Black Water  Lane","2025/03/04 14:02:03.429+00"
38.0403900001884,-84.4838999996789,"U","15071157-1","258 Bell Place, 1","2025/03/04 14:02:03.429+00"
38.0403630002405,-84.4838685003262,"U","15071157-2","258 Bell Place, 2","2025/03/04 14:02:03.429+00"
38.0403449996808,-84.4838459997207,"U","15071157-3","258 Bell Place, 3","2025/03/04 14:02:03.429+00"
38.0971529995753,-84.531023999609,"U","15028662-4","2496 Mullundy  Way","2025/03/04 14:02:03.429+00"
38.0229930000527,-84.5441189999177,"U","15028662-1","2156 Cypress  Drive","2025/03/04 14:02:03.429+00"
38.0349300009678,-84.4759323879876,"U","15071157-7","237 Owsley Avenue","2025/03/04 14:02:03.429+00"
38.0367450002665,-84.4826805004961,"U","15071157-4","149 N Ashland Avenue","2025/03/04 14:02:03.429+00"
38.0575170002654,-84.4907759997308,"H","15071157-8","436 W Sixth Street, 6","2025/03/04 14:02:03.429+00"
38.0574719996646,-84.479386499715,"U","15071157-5","128 Glenn Place","2025/03/04 14:02:03.429+00"
38.0497140004478,-84.5086409996014,"U","15062369-1","826 W Maxwell Street","2025/03/04 14:02:03.429+00"
38.0586690001224,-84.4904024997589,"U","15071157-6","608 Price Avenue","2025/03/04 14:02:03.429+00"
38.0557800000054,-84.4997714994654,"U","15062369-4","526 W Third Street","2025/03/04 14:02:03.429+00"
38.0497049996833,-84.5086634999402,"U","15062369-2","826 W Maxwell Street, 1","2025/03/04 14:02:03.429+00"
38.0557800000054,-84.4997714994654,"U","15062369-5","526 W Third Street, 1","2025/03/04 14:02:03.429+00"
38.0594069997454,-84.4893539997393,"U","15062369-7","624 Price Avenue","2025/03/04 14:02:03.429+00"
38.0496870004506,-84.5086814999073,"U","15062369-3","826 W Maxwell Street, 2","2025/03/04 14:02:03.429+00"
38.0557800000054,-84.4997714994654,"U","15062369-6","526 W Third Street, 2","2025/03/04 14:02:03.429+00"
38.060721000018,-84.4894214999228,"U","15062369-8","704 Bellaire  Avenue","2025/03/04 14:02:03.429+00"
37.900628999835,-84.4152570004094,"U","15005031-1","5150 Kiddville  Lane","2025/03/04 14:02:03.429+00"
38.0350079995685,-84.4797465002887,"U","15082394-1","32 Mentelle Park","2025/03/04 14:02:03.429+00"
37.9874249995526,-84.5774145003003,"H","15085659-1","2005 Huckleberry Circle","2025/03/04 14:02:03.429+00"
38.0266289999,-84.4917885002213,"U","15077858-1","834 Melrose Avenue","2025/03/04 14:02:03.429+00"
37.8831780001851,-84.4005419995202,"U","15084991-1","5837 Jacks Creek Pike","2025/03/04 14:02:03.429+00"
38.0376900001062,-84.4951860005616,"U","15078553-1","428 E Maxwell Street","2025/03/04 14:02:03.429+00"
38.0375550000967,-84.4723034997812,"U","15077859-1","353 Owsley Avenue","2025/03/04 14:02:03.429+00"
38.019519000303,-84.5358884998007,"U","15082605-1","617 Stratford Drive","2025/03/04 14:02:03.429+00"
38.0342339998305,-84.470103000026,"U","15082324-1","341 Sherman Avenue","2025/03/04 14:02:03.429+00"
38.0360879998156,-84.472114499515,"U","15079653-1","340 Lincoln Avenue","2025/03/04 14:02:03.429+00"
38.0368619999831,-84.4727220003055,"U","15077862-1","336 Owsley Avenue","2025/03/04 14:02:03.429+00"
38.0330280002442,-84.4711424996716,"U","15079654-1","300 Sherman Avenue","2025/03/04 14:02:03.429+00"
38.00139299981,-84.4922879997249,"U","15070520-1","3141 Lamar Drive","2025/03/04 14:02:03.429+00"
38.0332620000692,-84.5437860002822,"U","15070520-2","1934 Natchez Trail","2025/03/04 14:02:03.429+00"
38.0506589995755,-84.486735000542,"U","15077860-1","468 N Martin Luther King Boulevard","2025/03/04 14:02:03.429+00"
37.985067000005,-84.5474894998906,"U","15070520-3","485 Cromwell Way","2025/03/04 14:02:03.429+00"
38.0228849996483,-84.5376165001958,"U","15077863-1","668 Springridge Drive","2025/03/04 14:02:03.429+00"
38.0639969999442,-84.4826624997953,"U","15073964-1","1105 Kees Road","2025/03/04 14:02:03.429+00"
38.0274119998593,-84.5300024997094,"U","15077861-1","1810 Clays Mill Road","2025/03/04 14:02:03.429+00"
38.0088809997868,-84.5308260003893,"U","15070520-5","270 N Hill N Dale Road","2025/03/04 14:02:03.429+00"
38.0172060000866,-84.5443349999562,"U","15070520-4","687 N Hill N Dale Road","2025/03/04 14:02:03.429+00"
38.0348189999952,-84.5649900000277,"U","15029664-1","1939 Williamsburg Road","2025/03/04 14:02:03.429+00"
38.0908980001697,-84.5399340004199,"U","15029664-2","2689 Jacquelyn Lane","2025/03/04 14:02:03.429+00"
38.048661000026,-84.4919235002711,"U","15029664-4","132 E Third Street","2025/03/04 14:02:03.429+00"
38.0835629997609,-84.5576234997322,"U","15029664-3","200 Blackwater Lane","2025/03/04 14:02:03.429+00"
38.0486699999051,-84.4918694999193,"U","15029664-5","132 E Third Street, 101","2025/03/04 14:02:03.429+00"
38.0486880001552,-84.4918875002834,"U","15029664-6","132 E Third Street, 102","2025/03/04 14:02:03.429+00"
38.0292389997802,-84.5447400001961,"U","15066618-1","861 Honeysuckle Road","2025/03/04 14:02:03.429+00"
38.0486609996821,-84.4918919997203,"U","15029664-7","132 E Third Street, 201","2025/03/04 14:02:03.429+00"
38.0290320001689,-84.532292999471,"H","15019461-1","709 Lynn Road","2025/03/04 14:02:03.429+00"
38.0290320001689,-84.532292999471,"H","15019461-2","709 Lynn Road","2025/03/04 14:02:03.429+00"
38.0290320001689,-84.532292999471,"H","15019461-3","709 Lynn Road","2025/03/04 14:02:03.429+00"
38.0711880000405,-84.5239545003603,"H","15077652-1","272 Hillsboro Avenue","2025/03/04 14:02:03.429+00"
38.0711880000405,-84.5239545003603,"H","15077652-2","272 Hillsboro Avenue","2025/03/04 14:02:03.429+00"
38.082302999962,-84.4441739998663,"H","15081686-1","2480 Paris Pike","2025/03/04 14:02:03.429+00"
38.0384100001496,-84.4800254998539,"U","10777800-1","735 Cramer Avenue, 101","2025/03/04 14:02:03.429+00"
38.0383919997492,-84.4800029996651,"U","10777800-2","735 Cramer Avenue, 102","2025/03/04 14:02:03.429+00"
38.0497320002789,-84.5080695002718,"U","15066293-1","817 W Maxwell Street","2025/03/04 14:02:03.429+00"
37.9749599999557,-84.5030564995862,"U","15068130-2","3709 Belleauwood Drive","2025/03/04 14:02:03.429+00"
38.0570310000333,-84.4863570002987,"U","15068130-5","673 Elsmere Park","2025/03/04 14:02:03.429+00"
38.049309000002,-84.5072505004982,"U","15068130-1","344 Madison Place","2025/03/04 14:02:03.429+00"
38.0946060001075,-84.5484660000274,"U","15086560-1","265 Meadow Valley Road","2025/03/04 14:02:03.429+00"
38.0946060001075,-84.5484660000274,"U","15086560-2","265 Meadow Valley Road","2025/03/04 14:02:03.429+00"
38.0260800002514,-84.533346000322,"U","15068130-6","1829 Pershing Road","2025/03/04 14:02:03.429+00"
38.0305710004447,-84.4580069996444,"U","15068130-7","729 Lakeview Drive","2025/03/04 14:02:03.429+00"
38.0193300000777,-84.4629794996553,"U","15068130-3","134 St. Ann Drive","2025/03/04 14:02:03.429+00"
38.0557710002593,-84.5013464998402,"U","15016569-1","546 Maryland Avenue","2025/03/04 14:02:03.429+00"
38.1087810001688,-84.521394000406,"U","15071563-4","2510 Kittens Joy Circle","2025/03/04 14:02:03.429+00"
38.0455109999716,-84.5034119998854,"U","15016569-2","311 W Maxwell Street","2025/03/04 14:02:03.429+00"
38.1089880003756,-84.5206605000316,"U","15071563-2","2737 Meadow Sweet Lane","2025/03/04 14:02:03.429+00"
38.0455289998803,-84.5035199998942,"U","15016569-3","315 W Maxwell Street","2025/03/04 14:02:03.429+00"
38.1089250002501,-84.5206424995491,"U","15071563-3","2733 Meadow Sweet Lane","2025/03/04 14:02:03.429+00"
38.0466179997672,-84.5050859995762,"U","15082568-2","430 W Maxwell Street","2025/03/04 14:02:03.429+00"
38.0465910001293,-84.5050544999118,"U","15082568-1","430 W Maxwell Street, 100","2025/03/04 14:02:03.429+00"
38.0834459999968,-84.4878870004828,"U","15071563-1","749 Newtown Springs Road","2025/03/04 14:02:03.429+00"
38.0467350002819,-84.5052030001399,"U","15082568-3","401 Spring Street, 1","2025/03/04 14:02:03.429+00"
38.0467170003604,-84.5052750005597,"U","15082568-4","403 Spring Street, A","2025/03/04 14:02:03.429+00"
38.0481030002847,-84.5073269997747,"U","15082568-7","410 Merino Street, 101","2025/03/04 14:02:03.429+00"
38.0466990001251,-84.505320000212,"U","15082568-5","403 Spring Street, B","2025/03/04 14:02:03.429+00"
38.0467080002449,-84.5052975003887,"U","15082568-6","403 Spring Street","2025/03/04 14:02:03.429+00"
38.0480490003494,-84.5072730002066,"U","15082568-8","410 Merino Street, 102","2025/03/04 14:02:03.429+00"
38.0480130002179,-84.5072145002816,"U","15082568-9","410 Merino Street, 103","2025/03/04 14:02:03.429+00"
38.048075999746,-84.5072504999784,"U","15082568-11","410 Merino Street, 202","2025/03/04 14:02:03.429+00"
38.0481210003322,-84.5072910001674,"U","15082568-10","410 Merino Street, 201","2025/03/04 14:02:03.429+00"
38.0480400004498,-84.5072010004557,"U","15082568-12","410 Merino Street, 203","2025/03/04 14:02:03.429+00"
38.0444489996246,-84.4915319999229,"U","15082568-13","150 Deweese Street, 102","2025/03/04 14:02:03.429+00"
38.0443950001021,-84.4915589995877,"U","15082568-15","150 Deweese Street, 202","2025/03/04 14:02:03.429+00"
38.0444309997209,-84.4916085002733,"U","15082568-14","150 Deweese Street, 201","2025/03/04 14:02:03.429+00"
38.0444309999625,-84.4915049995974,"U","15082568-16","150 Deweese Street, 203","2025/03/04 14:02:03.429+00"
37.9908810001073,-84.5555445001985,"U","15082592-1","3449 Aldershot  Drive","2025/03/04 14:02:03.429+00"
38.0318220000303,-84.4745894998769,"U","15083246-1","206 Bassett Avenue","2025/03/04 14:02:03.429+00"
38.0248290002398,-84.5452529998115,"U","15082728-1","2107 Tamarack  Drive","2025/03/04 14:02:03.429+00"
38.0196359998476,-84.5337464998068,"U","15082326-1","597 Sheridan  Drive","2025/03/04 14:02:03.429+00"
38.0195549997723,-84.5335709999495,"U","15082326-2","593 Sheridan Drive","2025/03/04 14:02:03.429+00"
38.0516310000299,-84.4950689997478,"U","15082326-4","318 W Third Street","2025/03/04 14:02:03.429+00"
38.0188799998391,-84.5342055001628,"U","15082326-3","597 Stratford Drive","2025/03/04 14:02:03.429+00"
38.0043990002647,-84.5067464997902,"U","15082728-2","309 Zandale Drive","2025/03/04 14:02:03.429+00"
37.9911690000636,-84.5866395003231,"U","15082592-2","2445 La Cross Court","2025/03/04 14:02:03.429+00"
38.0448449997546,-84.5394525002569,"U","15033836-2","1647 Duntreath Drive","2025/03/04 14:02:03.429+00"
38.0345219998713,-84.5400465002045,"U","15033836-1","1802 Beacon Hill Road","2025/03/04 14:02:03.429+00"
38.0146229997415,-84.5158725000731,"U","15078463-1","1859 Nicholasville Road","2025/03/04 14:02:03.429+00"
37.9987200003681,-84.4807589995808,"U","15084645-1","1039 Chinoe Road","2025/03/04 14:02:03.429+00"
38.0400390004133,-84.5543744996498,"U","15067828-1","1713 Traveller Road","2025/03/04 14:02:03.429+00"
37.969343999853,-84.5293634997681,"U","15079736-1","4070 Foxe Basin  Road","2025/03/04 14:02:03.429+00"
38.0449979999216,-84.5035559996901,"U","15081365-1","407 S Mill Street","2025/03/04 14:02:03.429+00"
38.0524680001201,-84.5332965000956,"U","15079736-2","1604 Brittany Lane","2025/03/04 14:02:03.429+00"
38.0559780004375,-84.5016029995557,"U","15082527-1","554 Maryland Avenue","2025/03/04 14:02:03.429+00"
38.0353680002023,-84.52383299988,"U","15076918-1","452 Parkway Drive","2025/03/04 14:02:03.429+00"
38.0332170003111,-84.4807590005448,"U","15080474-1","4 Richmond Avenue","2025/03/04 14:02:03.429+00"
38.0369970002104,-84.4900380001271,"U","15063637-1","146 Kentucky Avenue","2025/03/04 14:02:03.429+00"
38.0457450004498,-84.5041634996508,"U","15068080-2","402 S Broadway","2025/03/04 14:02:03.429+00"
38.0452139998714,-84.5048070000456,"U","15068080-1","426 S Broadway","2025/03/04 14:02:03.429+00"
38.0329020001515,-84.4661745003988,"U","15081244-1","434 Queensway Drive","2025/03/04 14:02:03.429+00"
38.028392999949,-84.5533755003066,"U","15082636-1","2136 Oleander Drive","2025/03/04 14:02:03.429+00"
37.9749960003483,-84.4794764997039,"H","15085653-1","1629 Thames Drive","2025/03/04 14:02:03.429+00"
37.9624410001605,-84.47578200006,"U","15086670-1","3772 Kenesaw Drive","2025/03/04 14:02:03.429+00"
38.0509199998175,-84.482477999566,"U","15082874-2","606 Elm Tree Lane","2025/03/04 14:02:03.429+00"
38.0900880002038,-84.5113949995487,"U","15085095-1","2012 Parallel Road","2025/03/04 14:02:03.429+00"
38.0881393108767,-84.4484057383411,"U","15082874-1","2484 Wanda Way","2025/03/04 14:02:03.429+00"
38.0276730003595,-84.4918739995363,"U","15057248-2","822 Sunset Drive","2025/03/04 14:02:03.429+00"
38.0340269999352,-84.4928640004411,"U","15057248-1","338 Oldham Avenue","2025/03/04 14:02:03.429+00"
38.0508390000051,-84.5079345000576,"U","15060460-2","841 High Street","2025/03/04 14:02:03.429+00"
38.0527199998567,-84.4673355004239,"U","15079704-1","934 Marcellus Drive","2025/03/04 14:02:03.429+00"
38.0508389998917,-84.5080155000249,"U","15060460-1","843 High Street","2025/03/04 14:02:03.429+00"
38.0213190000385,-84.5388989996921,"U","15082672-2","673 Sheridan Drive","2025/03/04 14:02:03.429+00"
38.0481750002502,-84.5072100002395,"U","15082685-1","406 Merino Street","2025/03/04 14:02:03.429+00"
37.9739069997218,-84.5210160002145,"U","15079679-1","329 Fox Harbour Drive","2025/03/04 14:02:03.429+00"
38.0599019995833,-84.5202734995098,"U","15084315-1","141 Clyde Street","2025/03/04 14:02:03.429+00"
38.038185000247,-84.4890749999403,"U","15082685-2","117 Kentucky Avenue, Apt A","2025/03/04 14:02:03.429+00"
38.0121659996681,-84.5299440000075,"U","15082685-3","2411 Maplewood Drive","2025/03/04 14:02:03.429+00"
38.0302290000755,-84.4751160000065,"U","15084817-1","162 Sherman Avenue","2025/03/04 14:02:03.429+00"
38.0250810001685,-84.5448390000232,"U","15084379-1","2104 Tamarack  Drive","2025/03/04 14:02:03.429+00"
38.0240189996813,-84.5448254999789,"U","15031785-1","2128 Cypress  Drive","2025/03/04 14:02:03.429+00"
38.0442420004535,-84.529547999639,"U","15082672-1","1399 Pine Meadow Road","2025/03/04 14:02:03.429+00"
38.0087819999295,-84.5240534998091,"U","15031785-2","2100 Regency Road","2025/03/04 14:02:03.429+00"
38.0445569998132,-84.4865459995317,"H","15082868-1","412 E Third Street, 101","2025/03/04 14:02:03.429+00"
38.0445929997558,-84.4865955001223,"H","15082868-2","412 E Third Street, 102","2025/03/04 14:02:03.429+00"
38.0445390002673,-84.4865685002477,"H","15082868-3","412 E Third Street, 201","2025/03/04 14:02:03.429+00"
38.0445750002026,-84.4866179996979,"H","15082868-4","412 E Third Street, 202","2025/03/04 14:02:03.429+00"
38.0927430001401,-84.5615160001581,"U","15061485-1","3104 Leestown Road","2025/03/04 14:02:03.429+00"
38.0445029997582,-84.4864110000968,"H","15082868-5","416 E Third Street, 101","2025/03/04 14:02:03.429+00"
38.0445390000139,-84.4864514994737,"H","15082868-6","416 E Third Street, 102","2025/03/04 14:02:03.429+00"
38.0444759998931,-84.4864335000953,"H","15082868-7","416 E Third Street, 201","2025/03/04 14:02:03.429+00"
38.02878900023,-84.4877879999457,"U","15026413-1","1047 Fontaine Road","2025/03/04 14:02:03.429+00"
38.0332260001513,-84.4930664999173,"U","15080717-1","351 Park Avenue","2025/03/04 14:02:03.429+00"
38.0337119999929,-84.4924365003955,"U","15080717-2","325 Park Avenue","2025/03/04 14:02:03.429+00"
38.0583540003089,-84.4877384998174,"U","15086013-1","406 Delcamp Drive","2025/03/04 14:02:03.429+00"
38.0473739999945,-84.4975034994812,"U","15073745-1","110 N Upper Street","2025/03/04 14:02:03.429+00"
38.0588310001197,-84.5210699999568,"U","15075605-1","1188 Liggett  Street","2025/03/04 14:02:03.429+00"
38.0566710003895,-84.5200079996218,"U","15058077-1","1228 Manchester Street, 305","2025/03/04 14:02:03.429+00"
38.0586870002501,-84.5191484994738,"U","15075605-2","206 Wilton Avenue","2025/03/04 14:02:03.429+00"
38.0429459999754,-84.4959420001927,"U","15067121-1","219 E High Street","2025/03/04 14:02:03.429+00"
38.0307509996193,-84.4943264995184,"U","15082935-2","427 Marquis Avenue","2025/03/04 14:02:03.429+00"
38.0186190002097,-84.4795259999607,"U","15082935-3","505 Clinton Road","2025/03/04 14:02:03.429+00"
38.0334869996701,-84.4936604997748,"U","15082935-1","360 Oldham Avenue","2025/03/04 14:02:03.429+00"
38.0181960000465,-84.4851059995846,"H","15085005-1","371 Garden Road","2025/03/04 14:02:03.429+00"
38.0391030000518,-84.5268975002584,"U","14402600-1","646 Golfview Drive","2025/03/04 14:02:03.429+00"
37.9904039999104,-84.5424630001456,"U","15073459-1","507 Monticello Boulevard","2025/03/04 14:02:03.429+00"
38.0919689995962,-84.4505639994669,"U","15082465-1","295 Old Kingston Road","2025/03/04 14:02:03.429+00"
38.0181780003332,-84.545288999451,"U","15082603-2","2421 Tulsa Road","2025/03/04 14:02:03.429+00"
38.0592900000225,-84.5187615003576,"U","15082807-1","130 Wilton Avenue, 3","2025/03/04 14:02:03.429+00"
38.010032999923,-84.574534499696,"U","15082603-1","3545 Cave Hill  Place","2025/03/04 14:02:03.429+00"
38.0109060001179,-84.5739629997099,"U","15082602-2","3529 Cave Hill Place","2025/03/04 14:02:03.429+00"
38.0108070003663,-84.5740529995897,"U","15082602-1","3531 Cave Hill  Place","2025/03/04 14:02:03.429+00"
38.0072790004314,-84.5086095000515,"H","15085555-1","304 Albany Road","2025/03/04 14:02:03.429+00"
38.034315000083,-84.4877160002599,"U","15082862-1","218 Clay Avenue","2025/03/04 14:02:03.429+00"
38.0520990002257,-84.5093294995985,"U","15082829-1","955 Tarr  Trce, 1104","2025/03/04 14:02:03.429+00"
38.0520090001364,-84.5091044995596,"U","15082829-2","955 Tarr  Trce, 1107","2025/03/04 14:02:03.429+00"
38.0404350001008,-84.4943805001458,"H","15065184-1","334 E  High Street","2025/03/04 14:02:03.429+00"
38.0188799997123,-84.4816724999582,"U","15029117-1","518 Chinoe Road","2025/03/04 14:02:03.429+00"
37.9344329997698,-84.3415784999707,"U","15080077-1","7380 Athens Boonesboro Road","2025/03/04 14:02:03.429+00"
38.0539799997441,-84.5045325000168,"U","15029117-2","728 W Short Street","2025/03/04 14:02:03.429+00"
38.1084300003109,-84.5371439997475,"U","15074434-1","845 White Wood  Flat","2025/03/04 14:02:03.429+00"
38.0472479998573,-84.4964595002729,"","15082726-1","115 W Short Street","2025/03/04 14:02:03.429+00"
38.0497499997932,-84.4845614996797,"H","15066914-1","517 Elm Tree Lane, 101","2025/03/04 14:02:03.429+00"
38.04831000015,-84.4946909994974,"H","15066914-3","102 W Second Street, 2","2025/03/04 14:02:03.429+00"
38.0556450000816,-84.4997534997899,"H","15066914-4","524 W Third Street, 1","2025/03/04 14:02:03.429+00"
38.0497499997932,-84.4845614996797,"H","15066914-2","517 Elm Tree Lane, 102","2025/03/04 14:02:03.429+00"
38.0300399996043,-84.4753769998642,"U","15082278-2","152 Sherman Avenue","2025/03/04 14:02:03.429+00"
38.0555999998032,-84.4997939996301,"H","15066914-5","524 W Third Street, 3","2025/03/04 14:02:03.429+00"
38.0015730001454,-84.5151345001617,"U","15082278-1","2391 Heather Way","2025/03/04 14:02:03.429+00"
38.0353859996996,-84.5338410002311,"U","15078333-1","1801 Headley Green","2025/03/04 14:02:03.429+00"
38.0251080004149,-84.496882500572,"U","15086304-1","689 Providence Road","2025/03/04 14:34:47+00"
37.9895219996188,-84.5739540001853,"U","15082628-1","4277 Steamboat Road","2025/03/04 14:02:03.429+00"
38.0230650002548,-84.522951000366,"U","15035718-3","213 Norway Street","2025/03/04 14:02:03.429+00"
38.0404799997068,-84.6293399995655,"U","15017291-1","5141 Old Versailles Road","2025/03/04 14:02:03.429+00"
38.0230919997287,-84.5230320000592,"U","15035718-4","215 Norway Street","2025/03/04 14:02:03.429+00"
38.0092230000378,-84.5154000004142,"U","15035718-2","103 Greenbriar Road","2025/03/04 14:02:03.429+00"
38.0091689997941,-84.5154674997121,"U","15035718-1","101 Greenbriar Road","2025/03/04 14:02:03.429+00"
37.9545120002912,-84.4855964999161,"H","15085840-1","1120 Weldon Court","2025/03/04 14:02:03.429+00"
38.0430180003802,-84.4167599999446,"H","15086445-1","2311 Hume Road","2025/03/04 14:02:03.429+00"
38.0361419997304,-84.476146499828,"H","14216300-1","1005 Aurora Avenue","2025/03/04 14:02:03.429+00"
38.0170080004019,-84.5201789995422,"U","15082674-1","149 Wabash Drive","2025/03/04 14:02:03.429+00"
37.9976759996349,-84.3945210003044,"U","15086482-1","3776 Polo Club Boulevard","2025/03/04 14:02:03.429+00"
38.0295900001195,-84.5330849999199,"U","15053654-1","733 Lynn Road, Unit 1","2025/03/04 14:02:03.429+00"
38.0291669996445,-84.5340840003916,"U","15083213-1","747 Spring Meadows Drive","2025/03/04 14:02:03.429+00"
38.0525940004252,-84.5022825005082,"U","14526900-1","603 W Short Street","2025/03/04 14:02:03.429+00"
38.0487509995912,-84.5076284999048,"H","14471500-1","716 W Maxwell Street, #202","2025/03/04 14:02:03.429+00"
38.0295900001195,-84.5330849999199,"U","15053654-2","733 Lynn Road, Unit 2","2025/03/04 14:02:03.429+00"
38.0295900001195,-84.5330849999199,"U","15053654-3","733 Lynn Road, Unit 3","2025/03/04 14:02:03.429+00"
38.0555460004398,-84.5022510002081,"U","15053654-4","583 W Second Street, Unit 1","2025/03/04 14:02:03.429+00"
38.0555460004398,-84.5022510002081,"U","15053654-5","583 W Second Street, Unit 2","2025/03/04 14:02:03.429+00"
38.042712000443,-84.5466840000589,"H","15053654-8","1023 Celia Lane, Unit 1","2025/03/04 14:02:03.429+00"
38.0555460004398,-84.5022510002081,"U","15053654-6","583 W Second Street, Unit 3","2025/03/04 14:02:03.429+00"
38.0534219999884,-84.4720199996969,"U","15053654-7","962 Highland Park Drive","2025/03/04 14:02:03.429+00"
38.0529900004433,-84.4723980002516,"U","15082784-1","941 Idlewald Court","2025/03/04 14:02:03.429+00"
38.042712000443,-84.5466840000589,"H","15053654-9","1023 Celia Lane, Unit 2","2025/03/04 14:02:03.429+00"
38.0529900004433,-84.4723980002516,"U","15082784-2","941 Idlewald Court, Unit 1","2025/03/04 14:02:03.429+00"
38.0569769997474,-84.4787969997335,"U","15082783-1","144 Glenn Place","2025/03/04 14:02:03.429+00"
38.0174849999886,-84.5227349996338,"U","15083680-1","124 Elam Park","2025/03/04 14:02:03.429+00"
38.0529900004433,-84.4723980002516,"U","15082784-3","941 Idlewald Court, Unit 2","2025/03/04 14:02:03.429+00"
38.0512350004227,-84.4960589996045,"U","15067698-1","354 New Street","2025/03/04 14:02:03.429+00"
38.0398140003861,-84.4801335003998,"U","15080289-2","713 Aurora Avenue","2025/03/04 14:02:03.429+00"
38.0497050002997,-84.4965449998263,"U","15083092-1","184 N Mill Street","2025/03/04 14:02:03.429+00"
38.0526839997662,-84.5043615003504,"U","15080289-1","642 W Main Street","2025/03/04 14:02:03.429+00"
38.01808800039,-84.5187974999555,"U","15069063-1","160 Rosemont Garden","2025/03/04 14:02:03.429+00"
38.0119589996799,-84.4470089998205,"U","15070560-1","941 McClanahan Lane","2025/03/04 14:02:03.429+00"
38.0231100002392,-84.5298404995163,"U","15069063-2","519 Rosemont Garden","2025/03/04 14:02:03.429+00"
38.0377619997091,-84.512938499523,"U","15075451-1","328 S Broadway Park","2025/03/04 14:02:03.429+00"
38.0371950001668,-84.513325499886,"U","10960200-1","335 Old Virginia Avenue, 1","2025/03/04 14:02:03.429+00"
38.0371679997838,-84.5132984996269,"U","10960200-2","335 Old Virginia Avenue, 2","2025/03/04 14:02:03.429+00"
38.0372219995541,-84.5132310001194,"U","10960200-3","335 Old Virginia Avenue, 3","2025/03/04 14:02:03.429+00"
38.00498400026,-84.4281044995474,"U","15083635-1","404 BainBridge Court, E2","2025/03/04 14:02:03.429+00"
38.0372130004534,-84.5133479999866,"U","10960200-4","335 Old Virginia Avenue, 4","2025/03/04 14:02:03.429+00"
38.0371589995806,-84.5132804997181,"U","10960200-5","335 Old Virginia Avenue, 5","2025/03/04 14:02:03.429+00"
38.0378249999607,-84.4990155000406,"U","14457400-1","374 Rose Street, 2","2025/03/04 14:02:03.429+00"
38.0372400000311,-84.5132039995857,"U","10960200-6","335 Old Virginia Avenue, 6","2025/03/04 14:02:03.429+00"
38.0486430004146,-84.4947179997351,"U","11032400-1","115 W Second Street, 201","2025/03/04 14:02:03.429+00"
38.0857499996953,-84.5458514999519,"U","15082737-1","229 Shell Court","2025/03/04 14:02:03.429+00"
38.0382840002556,-84.4959105001921,"U","14457400-2","414 E Maxwell Street, 5","2025/03/04 14:02:03.429+00"
38.0361959996425,-84.4881704998046,"U","15082656-1","615 Central Avenue","2025/03/04 14:02:03.429+00"
38.0121750002231,-84.527347500298,"U","12842200-1","2392 Millbrook Drive","2025/03/04 14:02:03.429+00"
38.0289240002552,-84.4822799995438,"H","15028304-1","203 Sycamore Street, 2","2025/03/04 14:02:03.429+00"
38.0229660002214,-84.4432200001517,"U","15082771-2","677 Morgan Hills  Drive","2025/03/04 14:02:03.429+00"
38.0486250001753,-84.4931610000051,"U","15018706-1","112 Academy Alley","2025/03/04 14:02:03.429+00"
38.0068740004438,-84.4062480005123,"U","15082771-1","3520 Forest Spring Court","2025/03/04 14:02:03.429+00"
38.0654010004104,-84.5186039995546,"U","15083313-1","1435 N Forbes Road, 25","2025/03/04 14:02:03.429+00"
38.0307869996825,-84.4750710004343,"U","15078470-1","171 Sherman Avenue","2025/03/04 14:02:03.429+00"
38.0469689996119,-84.503681999681,"U","15082657-1","355 S Broadway, 804","2025/03/04 14:02:03.429+00"
38.0182140000852,-84.5213309996016,"H","15082430-1","177 Penmoken Park","2025/03/04 14:02:03.429+00"
38.0282129998964,-84.5295074997035,"U","15082967-1","1710 Clays Mill Road","2025/03/04 14:02:03.429+00"
38.0169222480288,-84.5147476247788,"U","15015318-1","102 Rosemont Garden","2025/03/04 14:02:03.429+00"
38.0529090000122,-84.501814500025,"U","15082764-1","149 Jefferson Street","2025/03/04 14:02:03.429+00"
38.0399850001272,-84.4883099999519,"H","15082676-1","125 Forest Avenue, 1202","2025/03/04 14:02:03.429+00"
38.0438369999878,-84.5012340002962,"U","15063880-1","275 S Limestone, 115","2025/03/04 14:02:03.429+00"
38.0439269997045,-84.5007164997653,"U","15063880-3","275 S Limestone, 140","2025/03/04 14:02:03.429+00"
38.0437830000575,-84.5009505000293,"U","15063880-2","275 S Limestone, 120","2025/03/04 14:02:03.429+00"
38.0083049995979,-84.5742375003949,"U","15082727-1","3684 Cottage Circle","2025/03/04 14:02:03.429+00"
38.051532000327,-84.5098875005617,"U","15086786-1","955 Tarr  Trace, 4102","2025/03/04 14:02:03.429+00"
38.0440170000398,-84.5005814998764,"U","15063880-4","275 S Limestone, 150","2025/03/04 14:02:03.429+00"
38.0401200002875,-84.4857090003229,"U","14503800-1","163 W Bell Court","2025/03/04 14:02:03.429+00"
37.8835649301842,-84.3422440381809,"U","14503800-2","8921 Old Richmond Road","2025/03/04 14:02:03.429+00"
37.8964529995769,-84.3494129998691,"U","14503800-3","8385 Old Richmond Road","2025/03/04 14:02:03.429+00"
38.0401469998367,-84.4857360005386,"U","14503800-4","165 W Bell Court, A","2025/03/04 14:02:03.429+00"
38.0586779997656,-84.4786529996706,"U","15058175-1","112 Avon","2025/03/04 14:02:03.429+00"
38.0401469998367,-84.4857360005386,"U","14503800-5","165 W Bell Court, B","2025/03/04 14:02:03.429+00"
37.9032750001334,-84.3497234996169,"H","14503800-6","8039 Old Richmond Road","2025/03/04 14:02:03.429+00"
38.0539619996084,-84.4725284996737,"U","15058175-2","952 Highland Park","2025/03/04 14:02:03.429+00"
38.0583360001473,-84.4796519994427,"U","15058175-3","902 N Limestone, 1","2025/03/04 14:02:03.429+00"
38.0583269995924,-84.4796745003129,"U","15058175-4","902 N Limestone, 2","2025/03/04 14:02:03.429+00"
38.0583990001521,-84.4795755003546,"U","15058175-5","904 N Limestone, 1","2025/03/04 14:02:03.429+00"
38.0583990001521,-84.4795755003546,"U","15058175-6","904 N Limestone, 2","2025/03/04 14:02:03.429+00"
38.0584260000384,-84.4795395001023,"U","15058175-7","906 N Limestone, 1","2025/03/04 14:02:03.429+00"
38.0584799998868,-84.4794989997462,"U","15058175-8","908 N Limestone, 101","2025/03/04 14:02:03.429+00"
38.0584620002879,-84.4794765003262,"U","15058175-9","908 N Limestone, 102","2025/03/04 14:02:03.429+00"
38.0584980003799,-84.4795215003196,"U","15058175-10","908 N Limestone, 201","2025/03/04 14:02:03.429+00"
38.0359799995704,-84.4655805001067,"U","15082853-1","524 Henry Clay Boulevard","2025/03/04 14:02:03.429+00"
38.0585160001143,-84.4794359999033,"U","15058175-11","910 N Limestone, 101","2025/03/04 14:02:03.429+00"
38.0363130000869,-84.4778339995124,"U","15085225-2","921 Cramer Avenue, 2","2025/03/04 14:02:03.429+00"
38.0363490003251,-84.4778879999158,"U","15085225-1","921 Cramer Avenue, 1","2025/03/04 14:02:03.429+00"
38.0363849999026,-84.4777889997853,"U","15085225-3","921 Cramer Avenue, 3","2025/03/04 14:02:03.429+00"
38.05849799975,-84.4794180001935,"U","15058175-12","910 N Limestone, 102","2025/03/04 14:02:03.429+00"
38.0364030003192,-84.4777439997372,"U","15085225-4","921 Cramer Avenue, 4","2025/03/04 14:02:03.429+00"
38.0513970001726,-84.5096399997294,"U","15082954-1","955 Tarr  Trace, 2110","2025/03/04 14:02:03.429+00"
38.0387699997328,-84.4583085000964,"U","15065232-1","102 Glass Avenue","2025/03/04 14:02:03.429+00"
38.067731999629,-84.4600994997483,"H","15086738-1","134 Eastin Road","2025/03/04 14:02:03.429+00"
37.9784880002515,-84.5491184995779,"H","15082776-2","633 Twin Pines Way","2025/03/04 14:02:03.429+00"
38.0097810002455,-84.475354499522,"U","15066258-1","2059 Manor Drive","2025/03/04 14:02:03.429+00"
38.0051099998392,-84.5129159999558,"U","15062151-1","2044 Heather Way","2025/03/04 14:02:03.429+00"
38.007144000393,-84.526910999478,"U","15086766-1","2553 Sun Seeker Court","2025/03/04 14:02:03.429+00"
38.08371600006,-84.4876979997007,"U","15082557-1","1300 Russell Springs Drive","2025/03/04 14:02:03.429+00"
38.0081159999315,-84.4293374997883,"U","15082777-1","3061 Wave Crest Way","2025/03/04 14:02:03.429+00"
38.08371600006,-84.4876979997007,"U","","1300 Russell Springs Drive","2025/03/04 14:02:03.429+00"
38.0510640001805,-84.5319464996616,"U","15086813-1","118 Woodford Drive","2025/03/04 14:02:03.429+00"
37.9924830001004,-84.3972659994832,"U","15082438-2","980 Jouett Creek Drive","2025/03/04 14:02:03.429+00"
38.0216880003854,-84.5142615004162,"U","15082438-1","1625 Nicholasville Road, Unit 606","2025/03/04 14:02:03.429+00"
38.0517389999595,-84.4955684997901,"U","15082608-1","256 N Broadway","2025/03/04 14:02:03.429+00"
37.9624409998979,-84.4809750000525,"U","15082776-1","1324 Hartland Woods Way","2025/03/04 14:02:03.429+00"
38.0214539997311,-84.5144369999836,"U","15082438-3","1625 Nicholasville Road, Unit 806","2025/03/04 14:02:03.429+00"
38.0515049996064,-84.4654410002361,"U","11129200-1","944 Meadow Lane","2025/03/04 14:02:03.429+00"
38.051441999977,-84.4902270004157,"U","15066671-1","413 N Limestone","2025/03/04 14:02:03.429+00"
38.0635919996329,-84.504888000476,"U","15064322-1","420 Ash Street","2025/03/04 14:02:03.429+00"
38.0513430004277,-84.4903350003785,"U","15066671-2","409 N Limestone","2025/03/04 14:02:03.429+00"
38.0385810003911,-84.5209619999672,"U","15064322-2","510 Pyke Road","2025/03/04 14:02:03.429+00"
38.0401470003966,-84.4803405003615,"U","15054110-1","705 Aurora Avenue","2025/03/04 14:02:03.429+00"
38.0513069996092,-84.4903844999656,"U","15066671-3","407 N Limestone","2025/03/04 14:02:03.429+00"
38.0524319996714,-84.4865235001394,"U","15084595-1","132 Rand Avenue","2025/03/04 14:02:03.429+00"
38.0586689996589,-84.5206560000327,"U","15065620-1","1112 Liggett Street","2025/03/04 14:02:03.429+00"
38.0414069999554,-84.4977420004463,"U","15059527-1","126 Hageman Court, Apt 1","2025/03/04 14:02:03.429+00"
38.0413440002002,-84.4977059997476,"U","15059527-2","126 Hageman Court, Apt 2","2025/03/04 14:02:03.429+00"
38.0787660002086,-84.453574499927,"U","15059527-4","2203 Circle Drive","2025/03/04 14:02:03.429+00"
38.0399129997934,-84.4960499994629,"U","15059527-3","314 Grosvenor Avenue, Apt A","2025/03/04 14:02:03.429+00"
38.0788380001376,-84.4534935004277,"U","15059527-5","2205 Circle Drive","2025/03/04 14:02:03.429+00"
38.0613240002614,-84.4772445000235,"U","15082797-1","106 Fairlawn Avenue","2025/03/04 14:02:03.429+00"
38.0332440001691,-84.3730154999954,"U","15059527-6","3767 Winchester Road","2025/03/04 14:02:03.429+00"
38.0760119998545,-84.4491194996398,"U","15083121-2","201 Strawberry Fields Road","2025/03/04 14:02:03.429+00"
38.050397999598,-84.4969814994999,"U","10217700-1","320 W Second Street","2025/03/04 14:02:03.429+00"
38.0191679998704,-84.5372294996317,"H","15085663-1","615 Cardinal Lane","2025/03/04 14:02:03.429+00"
37.9821510000325,-84.4597395003099,"U","15083121-1","1181 Mount Rushmore Way, A","2025/03/04 14:02:03.429+00"
38.0354129998402,-84.5097795005074,"U","15083467-1","145 Virginia Avenue, 206","2025/03/04 14:02:03.429+00"
38.0355839998753,-84.5101529996252,"U","15083468-1","155 Virginia Avenue, 202","2025/03/04 14:02:03.429+00"
38.0002589996,-84.5149770001136,"U","15086768-1","259 Malabu Drive","2025/03/04 14:02:03.429+00"
38.0513969997294,-84.5079614996489,"U","15082796-1","820 Herlihy Way","2025/03/04 14:02:03.429+00"
38.0119769998441,-84.4244324996102,"U","15053624-1","2913 Blairdon Circle","2025/03/04 14:02:03.429+00"
38.0468340001849,-84.4986014995164,"U","15003904-1","117 S Upper Street, 1","2025/03/04 14:02:03.429+00"
38.0468340001849,-84.4986014995164,"U","15003904-2","117 S Upper Street, 2","2025/03/04 14:02:03.429+00"
38.0407499998763,-84.5586945000314,"H","15082755-1","1713 Williamsburg Court","2025/03/04 14:02:03.429+00"
37.9512990003725,-84.4950555002356,"U","15077627-1","955 Charwood Drive","2025/03/04 14:02:03.429+00"
38.0509740001597,-84.4907715003407,"U","15078184-1","371 N Limestone","2025/03/04 14:02:03.429+00"
38.0543489995585,-84.486091500404,"U","15083102-1","613 N Limestone, 1","2025/03/04 14:02:03.429+00"
38.0543850001446,-84.4861230004924,"U","15083102-2","613 N Limestone, 2","2025/03/04 14:02:03.429+00"
38.054412000381,-84.4861544999122,"U","15083102-3","613 N Limestone, 3","2025/03/04 14:02:03.429+00"
38.0502539996072,-84.5069265005248,"U","15082852-1","311 Madison Place, 1","2025/03/04 14:02:03.429+00"
37.9773179998421,-84.503799000384,"U","15077627-2","509 Southwind Terrace","2025/03/04 14:02:03.429+00"
38.0502269996381,-84.5068725003207,"U","15082852-2","311 Madison Place, 2","2025/03/04 14:02:03.429+00"
38.0502630002167,-84.5068454999105,"U","15082852-3","311 Madison Place, 3","2025/03/04 14:02:03.429+00"
37.9699739996818,-84.5098064999405,"U","15077796-1","616 McCurdy  Court","2025/03/04 14:02:03.429+00"
38.055312000331,-84.5019405003083,"U","15082795-1","573 W Second Street","2025/03/04 14:02:03.429+00"
38.0488770002545,-84.4860284995752,"U","15086091-1","433 Elm Tree Lane","2025/03/04 14:02:03.429+00"
37.996245000176,-84.56435550024,"U","15085118-1","786 Bravington Way","2025/03/04 14:02:03.429+00"
38.0119589996799,-84.4470089998205,"U","15070560-1","941 McClanahan Way","2025/03/04 14:02:03.429+00"
38.0081159999315,-84.4293374997883,"U","15082777-1","3061 Wave Crest Way","2025/03/04 14:02:03.429+00"
38.0495879998996,-84.4984620001474,"U","15024670-1","144 N Broadway, 300","2025/03/04 14:02:03.429+00"
38.0496330002362,-84.4985069994561,"U","15024670-2","144 N Broadway, 301","2025/03/04 14:02:03.429+00"
38.0496059996259,-84.4984350005034,"U","15024670-3","144 N Broadway, 302","2025/03/04 14:02:03.429+00"
38.0495700004464,-84.4984800003218,"U","15024670-4","144 N Broadway, 401","2025/03/04 14:02:03.429+00"
38.0469419997683,-84.5010135001846,"U","15080462-1","302 W High Street","2025/03/04 14:02:03.429+00"
37.9812420000888,-84.508699499956,"U","15085032-1","3532 Camelot Drive","2025/03/04 14:02:03.429+00"
38.0591909998455,-84.4930799998076,"U","15086328-1","553 Jefferson Street","2025/03/04 14:02:03.429+00"
38.0869829996147,-84.4569899997131,"U","15086772-1","2308 Cabot Drive","2025/03/04 14:02:03.429+00"
38.046833999964,-84.5032409998115,"U","15064066-2","355 S Broadway, 201","2025/03/04 14:02:03.429+00"
38.0495250000651,-84.4984215001822,"U","15024670-5","144 N Broadway, 402","2025/03/04 14:02:03.429+00"
38.046743999865,-84.50339849999,"U","15064066-1","355 S Broadway, 402","2025/03/04 14:02:03.429+00"
38.09145600041,-84.4539930003068,"U","15086772-2","720 Kingston Road","2025/03/04 14:02:03.429+00"
37.9780020001642,-84.5040734995835,"U","15065947-2","500 Bayberry  Bend","2025/03/04 14:02:03.429+00"
37.9981079997562,-84.5748495003396,"H","15066661-1","3865 Gladman Way","2025/03/04 14:02:03.429+00"
38.0272679997751,-84.4900695004765,"U","15082785-2","102 Cochran Road","2025/03/04 14:02:03.429+00"
37.9862459995639,-84.5817435002245,"U","15037914-1","2368 Dogwood Trace Boulevard","2025/03/04 14:02:03.429+00"
38.0576610002978,-84.4934849998996,"H","15082679-1","513 Smith Street","2025/03/04 14:02:03.429+00"
38.0272859999403,-84.4901684995986,"U","15082785-1","901 Tates Creek  Road","2025/03/04 14:02:03.429+00"
38.0577059999471,-84.4934264997946,"U","15082679-2","515 Smith Street","2025/03/04 14:02:03.429+00"
38.0605050004172,-84.488355000434,"U","15079749-1","725 Price Avenue","2025/03/04 14:02:03.429+00"
38.0448360001062,-84.5010179995377,"U","7009800-1","350 S Upper Street","2025/03/04 14:02:03.429+00"
38.0721150002122,-84.526204499511,"U","15078931-1","276 Taylor Drive","2025/03/04 14:02:03.429+00"
38.0475089995666,-84.5204400004548,"U","15074999-1","1249 Embry Avenue","2025/03/04 14:02:03.429+00"
38.0187000003256,-84.5601479998543,"U","15055279-1","3212 Beaumont Centre Circle","2025/03/04 14:02:03.429+00"
38.0412540001962,-84.4992225004272,"U","15052678-1","200 E Maxwell Street, 1","2025/03/04 14:02:03.429+00"
38.0411909996559,-84.4991955003592,"U","15052678-2","200 E Maxwell Street, 4","2025/03/04 14:02:03.429+00"
38.041218000001,-84.4992854995199,"U","15052678-3","200 E Maxwell Street, 5","2025/03/04 14:02:03.429+00"
38.0411909999876,-84.4993170001361,"U","15052678-5","200 E Maxwell Street, 7","2025/03/04 14:02:03.429+00"
38.0411819998094,-84.4992180003685,"U","15052678-4","200 E Maxwell Street, 6","2025/03/04 14:02:03.429+00"
38.0411460000226,-84.4992585005128,"U","15052678-6","200 E Maxwell Street, 8","2025/03/04 14:02:03.429+00"
38.0471849998355,-84.5179380004695,"U","15082629-1","789 Bennett Avenue","2025/03/04 14:02:03.429+00"
38.054232000221,-84.4819155004556,"U","15082629-2","172 Eddie Street","2025/03/04 14:02:03.429+00"
38.0186279997552,-84.516057000238,"U","15066811-1","119 Suburban Avenue","2025/03/04 14:02:03.429+00"
38.041208999561,-84.4992405005183,"U","15052678-7","200 E Maxwell Street, 9","2025/03/04 14:02:03.429+00"
38.0499929998894,-84.5079795002605,"U","15083601-1","843 W Maxwell Street","2025/03/04 14:02:03.429+00"
38.0500290000468,-84.5080064998598,"U","15083601-2","845 W Maxwell Street","2025/03/04 14:02:03.429+00"
38.0501189996205,-84.5081639999457,"U","15083601-3","851 W Maxwell Street","2025/03/04 14:02:03.429+00"
38.0488229997354,-84.5069489998625,"U","15083601-5","367 Merino  Street","2025/03/04 14:02:03.429+00"
38.0501639995864,-84.5082854999125,"U","15083601-4","855 W Maxwell Street","2025/03/04 14:02:03.429+00"
38.139119999918,-84.536127000276,"U","12268400-1","4123 Georgetown Road","2025/03/04 14:02:03.429+00"
38.1365459999059,-84.5402805005176,"U","12268400-2","4149 Georgetown Road","2025/03/04 14:02:03.429+00"
38.0408759999059,-84.5286930003587,"U","15065362-2","740 Addison Avenue","2025/03/04 14:02:03.429+00"
37.9924380002185,-84.4710254996737,"U","15064477-1","1295 Latonia Park","2025/03/04 14:02:03.429+00"
38.0398319999859,-84.5256869994643,"U","15065362-1","615 Addison Avenue","2025/03/04 14:02:03.429+00"
38.1386610002145,-84.5342909996328,"U","12268400-3","4096 Georgetown Road","2025/03/04 14:02:03.429+00"
38.0260260004385,-84.5456760000234,"U","15074703-1","2072 Tamarack  Drive","2025/03/04 14:02:03.429+00"
37.9985940003353,-84.5683514994876,"U","15085731-1","3326 Grasmere Drive","2025/03/04 14:02:03.429+00"
38.0592809995631,-84.5180730001873,"U","15069288-1","125 Thompson Road","2025/03/04 14:02:03.429+00"
38.0404800000922,-84.4881929995156,"U","15082932-1","480 Skain Street, Unit 107","2025/03/04 14:02:03.429+00"
38.027294999874,-84.5555759998607,"U","15082702-2","2160 Lansill Road","2025/03/04 14:02:03.429+00"
37.9836179998495,-84.5563724994343,"U","15082702-1","3820 Grassy Creek Drive","2025/03/04 14:02:03.429+00"
37.9988460001975,-84.4972739998133,"H","15063219-1","3212 Lansdowne Drive","2025/03/04 14:02:03.429+00"
38.000348999762,-84.5808165001985,"U","14534500-1","4238 Captains  Court","2025/03/04 14:02:03.429+00"
37.9999260000746,-84.5816444996524,"U","14534500-2","4257 Captains  Court","2025/03/04 14:02:03.429+00"
38.0242080001516,-84.4871219996688,"U","15086285-1","102 Louisiana Avenue","2025/03/04 14:02:03.429+00"
38.0303639998755,-84.5323020003713,"U","15080264-1","725 Cheryl Lane","2025/03/04 14:02:03.429+00"
38.0295809998265,-84.5530334994463,"U","15080264-2","1037 Juniper Drive","2025/03/04 14:02:03.429+00"
37.9741589998278,-84.5217675005321,"H","15069722-1","313 Fox Harbour Drive","2025/03/04 14:02:03.429+00"
38.0538990001795,-84.5043300002068,"U","15067936-1","720 W Short Street","2025/03/04 14:02:03.429+00"
38.044529999553,-84.5058015003772,"U","15085517-1","319 Cedar Street","2025/03/04 14:02:03.429+00"
38.0553749998867,-84.5009279996909,"U","15082609-1","534 Maryland Avenue","2025/03/04 14:02:03.429+00"
38.0066130004397,-84.5700390001177,"U","15026967-1","2140 Palomar Trace","2025/03/04 14:02:03.429+00"
38.0552220004505,-84.4993395004353,"H","15086493-1","510 W Third Street","2025/03/04 14:02:03.429+00"
38.0326139997839,-84.4724879998666,"H","15083030-1","269 Sherman Avenue","2025/03/04 14:02:03.429+00"
38.0208869997135,-84.5141939998471,"H","15085011-1","107 Arcadia Park","2025/03/04 14:02:03.429+00"
38.0089439999313,-84.4912665000963,"H","15086621-1","1132 Turkey Foot Road","2025/03/04 14:02:03.429+00"
38.0324790001098,-84.4919415002768,"U","15082738-1","326 Lafeyette Avenue","2025/03/04 14:02:03.429+00"
38.0038050000636,-84.5391600000144,"U","15082875-1","2930 Southview Drive","2025/03/04 14:02:03.429+00"
38.0345129997993,-84.494434500003,"U","15082738-2","261 Kentucky Avenue, 1","2025/03/04 14:02:03.429+00"
38.0102940001769,-84.5421930005144,"U","15082826-1","609 Cecil Way","2025/03/04 14:02:03.429+00"
38.0344770001629,-84.4944255000837,"U","15082738-3","261 Kentucky Avenue, 2","2025/03/04 14:02:03.429+00"
38.0792519999993,-84.4511354994594,"U","15082738-4","2238 Circle Drive","2025/03/04 14:02:03.429+00"
37.974753000202,-84.5210565001092,"H","15085226-1","322 Tangley Way","2025/03/04 14:02:03.429+00"
38.0391390002722,-84.4917029994621,"U","15082808-1","126 Ransom Avenue","2025/03/04 14:02:03.429+00"
38.0266469995815,-84.4862714999992,"H","15083308-1","155 Chenault Road","2025/03/04 14:02:03.429+00"
38.0482469998538,-84.4287974998915,"U","15078410-1","2057 Coriander  Lane","2025/03/04 14:02:03.429+00"
38.0477880003991,-84.488548499876,"H","15052488-1","250 Campsie Place","2025/03/04 14:02:03.429+00"
38.0295180000935,-84.4892280004705,"U","15086632-1","1009 Fontaine Road","2025/03/04 14:02:03.429+00"
38.0513160003751,-84.4961444995523,"U","15062176-1","360 New Street","2025/03/04 14:02:03.429+00"
38.0164410003876,-84.4121160002892,"U","15076499-1","1348 Red Stone  Drive","2025/03/04 14:02:03.429+00"
38.052854999976,-84.4959330000676,"U","15062176-2","417 W Third Street","2025/03/04 14:02:03.429+00"
38.054222999935,-84.4967970001433,"U","15062176-3","316 Hampton Court, 101","2025/03/04 14:02:03.429+00"
38.0356109997397,-84.4880354996085,"H","15083593-1","630 Central Avenue, #201","2025/03/04 14:02:03.429+00"
38.0356380001554,-84.4883009998992,"H","15083593-2","630 Central Avenue, #204","2025/03/04 14:02:03.429+00"
38.0488409998692,-84.5077680002998,"U","15083031-1","722 W Maxwell Street, 3","2025/03/04 14:02:03.429+00"
38.0542950001697,-84.496702500445,"U","15062176-4","316 Hampton Court, 301","2025/03/04 14:02:03.429+00"
38.0492009999067,-84.5081009994648,"U","15083031-2","802 W Maxwell Street, 1","2025/03/04 14:02:03.429+00"
38.0490839999998,-84.5082179997361,"U","15083031-3","802 W Maxwell Street, 4","2025/03/04 14:02:03.429+00"
38.0400569999195,-84.4610849995085,"U","15082810-1","1623 Strader Drive","2025/03/04 14:02:03.429+00"
38.040533999967,-84.5409194999505,"H","15078100-1","950 Celia Lane","2025/03/04 14:02:03.429+00"
38.0441249998432,-84.5037674995922,"U","15068978-1","225 Pine Street","2025/03/04 14:02:03.429+00"
37.9724490000921,-84.457691999447,"H","15084812-1","3389 Featherson Drive","2025/03/04 14:02:03.429+00"
38.0490659998859,-84.5081774995843,"U","15083031-4","802 W Maxwell Street, 8","2025/03/04 14:02:03.429+00"
38.0448900002665,-84.4864424996493,"U","15074236-1","407 E Third Street","2025/03/04 14:02:03.429+00"
38.035458000366,-84.4868565000018,"U","15074236-2","129 Clay Avenue","2025/03/04 14:02:03.429+00"
38.0351970001341,-84.519153000027,"U","15074236-3","351 American Avenue","2025/03/04 14:02:03.429+00"
38.0897010001197,-84.4448625004266,"H","15086391-1","194 Swigert Avenue","2025/03/04 14:02:03.429+00"
38.0897010001197,-84.4448625004266,"H","15086391-2","194 Swigert Avenue","2025/03/04 14:02:03.429+00"
38.0190690000557,-84.5356950001523,"U","15074236-4","608 Stratford Drive","2025/03/04 14:02:03.429+00"
38.0897010001197,-84.4448625004266,"H","15086391-3","194 Swigert Avenue","2025/03/04 14:02:03.429+00"
38.0521079996061,-84.4841115003379,"H","15086848-1","203 E Sixth Street","2025/03/04 14:02:03.429+00"
38.0513069995694,-84.4906994998037,"U","15063099-1","203 W Fourth Street","2025/03/04 14:02:03.429+00"
38.0552040004146,-84.4966980003344,"U","15054047-1","89 Hampton Court, 1","2025/03/04 14:02:03.429+00"
38.0516399997699,-84.5098335002642,"U","15065329-1","955 Tarr Trace, 4104","2025/03/04 14:02:03.429+00"
38.0552040004146,-84.4966980003344,"U","15054047-2","89 Hampton Court, 2","2025/03/04 14:02:03.429+00"
38.0552040004146,-84.4966980003344,"U","15054047-3","89 Hampton Court, 3","2025/03/04 14:02:03.429+00"
38.0541149998167,-84.4656569996958,"U","15081254-1","990 Marcellus Drive","2025/03/04 14:02:03.429+00"
38.0296799998701,-84.5370000003386,"U","15084865-1","795 Allendale Drive","2025/03/04 14:02:03.429+00"
38.0449619996233,-84.5009235005564,"U","15030061-1","346 S Upper Street, 1","2025/03/04 14:02:03.429+00"
38.0449799999312,-84.5008964998177,"U","15030061-2","346 S Upper Street, 2","2025/03/04 14:02:03.429+00"
38.0076749999002,-84.5382149996708,"U","15075478-1","514 Ashley Way","2025/03/04 14:02:03.429+00"
38.0403990003893,-84.5407530002087,"U","15075478-2","946 Celia Way","2025/03/04 14:02:03.429+00"
38.1016529996685,-84.5411040001637,"H","15086373-1","2808 Belle Haven Place","2025/03/04 14:02:03.429+00"
38.0306610003436,-84.5346419998963,"U","15074415-1","781 Lynn Road","2025/03/04 14:02:03.429+00"
38.0253690000121,-84.5336835000397,"U","15075478-3","621 Lane Allen Road","2025/03/04 14:02:03.429+00"
38.0364389998955,-84.558550499949,"U","15074415-2","1125 Meridian Drive","2025/03/04 14:02:03.429+00"
38.0397959997239,-84.5282699999675,"U","15078407-1","708 Golfview Drive","2025/03/04 14:02:03.429+00"
38.0458439998558,-84.5038305005138,"U","15075478-4","388 S Broadway, 1","2025/03/04 14:02:03.429+00"
38.0458439998558,-84.5038305005138,"U","15075478-5","388 S Broadway, 2","2025/03/04 14:02:03.429+00"
37.8620190004092,-84.3699150002095,"U","15078407-2","6950 Jacks Creek Pike","2025/03/04 14:02:03.429+00"
37.9577790000343,-84.492157500086,"U","15074415-3","1056 Strowbridge Lane","2025/03/04 14:02:03.429+00"
38.0507850000086,-84.484057499808,"U","15072568-2","255 Rand Avenue","2025/03/04 14:02:03.429+00"
38.0181059999214,-84.5223389995315,"U","15072568-1","114 Elam Park","2025/03/04 14:02:03.429+00"
37.9627650000787,-84.4753994996676,"U","15082977-2","3769 Kennesaw Drive","2025/03/04 14:02:03.429+00"
38.070810000121,-84.5228159999519,"U","15080566-1","272 Boiling Springs Drive","2025/03/04 14:02:03.429+00"
38.0513069995671,-84.4723170002483,"U","15082977-1","830 Warfield Place","2025/03/04 14:02:03.429+00"
37.9633320001409,-84.4749720005583,"U","15082977-3","2218 Overland Place","2025/03/04 14:02:03.429+00"
38.0548439996238,-84.5012835003655,"U","15078345-1","551 W Second Street","2025/03/04 14:02:03.429+00"
38.0685690003187,-84.4614810004993,"U","15083767-1","116 Eastin Road","2025/03/04 14:02:03.429+00"
38.0507939998666,-84.5081550003537,"U","15085289-1","847 W High Street","2025/03/04 14:02:03.429+00"
38.0374559997851,-84.491464500375,"H","15085266-1","160 Woodland Avenue","2025/03/04 14:02:03.429+00"
38.0534310004315,-84.4873515000932,"U","15076542-1","545 N Limestone","2025/03/04 14:02:03.429+00"
38.0231640000536,-84.4990559994759,"U","15083062-1","1242 Scoville Road","2025/03/04 14:02:03.429+00"
38.0059019999662,-84.527289000336,"U","15082828-1","2606 Longleaf Place","2025/03/04 14:02:03.429+00"
38.0507220003686,-84.5372790003176,"U","15083208-1","131 Hamilton Park","2025/03/04 14:02:03.429+00"
38.0513609998731,-84.4833149995003,"U","15084244-1","229 E Sixth Street","2025/03/04 14:02:03.429+00"
38.050353000012,-84.6242189996281,"U","15056783-1","3638 Rosalie Road","2025/03/04 14:02:03.429+00"
38.0269529998904,-84.4908435000198,"U","15076032-1","914-916 Tates Creek  Road","2025/03/04 14:02:03.429+00"
38.0392830002796,-84.5624789994486,"H","4581400-1","1280 Colonial Drive","2025/03/04 14:02:03.429+00"
38.1086280003933,-84.5222805000234,"U","15078663-1","2768 Sullivans Trace","2025/03/04 14:02:03.429+00"
38.0513700002286,-84.474373500006,"U","15072859-1","527 E Loudon Avenue","2025/03/04 14:02:03.429+00"
38.0542319998325,-84.4730415001356,"U","15072859-2","942 Highland Park","2025/03/04 14:02:03.429+00"
38.0369250000095,-84.4753634999431,"U","15082522-1","312 Richmond Avenue","2025/03/04 14:02:03.429+00"
38.0310659997355,-84.5171864999264,"U","15080163-1","1338 Camden Avenue","2025/03/04 14:02:03.429+00"
38.0378159996823,-84.4868970002086,"U","15077057-1","609 Main Street, A","2025/03/04 14:02:03.429+00"
38.0378159996823,-84.4868970002086,"U","15077057-2","609 Main Street, B","2025/03/04 14:02:03.429+00"
38.057084999607,-84.4722044996094,"U","15082748-1","312 Carlisle Avenue","2025/03/04 14:02:03.429+00"
38.0379689998673,-84.4609814996361,"U","15071855-1","1658 Wyatt Parkway","2025/03/04 14:02:03.429+00"
37.9879469999915,-84.4911135000971,"H","15083029-1","3505 Arden Place","2025/03/04 14:02:03.429+00"
38.0316510003347,-84.4773344994449,"U","15082655-3","145 Preston Avenue","2025/03/04 14:02:03.429+00"
38.0362859999175,-84.4823970004387,"U","15082655-1","146 N Ashland Avenue, A","2025/03/04 14:02:03.429+00"
38.0362229998819,-84.4823519995261,"U","15082655-2","146 N Ashland Avenue, B","2025/03/04 14:02:03.429+00"
38.0446289996492,-84.4999919997233,"H","15077123-1","235 S Limestone, 3","2025/03/04 14:02:03.429+00"
38.0392920001851,-84.4934490002805,"H","15013589-1","425 E High Street, 2","2025/03/04 14:02:03.429+00"
38.0438729995803,-84.5010764998764,"U","15083459-1","275 s Limestone, 300","2025/03/04 14:02:03.429+00"
38.0466630001349,-84.5027775002179,"U","15085098-1","340 S Broadway, 103","2025/03/04 14:02:03.429+00"
38.0467260001317,-84.5026739995639,"U","15085098-2","340 S Broadway, 104","2025/03/04 14:02:03.429+00"
38.0466450002892,-84.502664999735,"U","15085098-3","340 S Broadway, 21","2025/03/04 14:02:03.429+00"
38.0465640004458,-84.5026559999261,"U","15085098-4","340 S Broadway, 202","2025/03/04 14:02:03.429+00"
38.0280240001626,-84.535515000489,"U","15037277-1","746 Allendale Drive, 201","2025/03/04 14:02:03.429+00"
38.0279610001954,-84.5354070004478,"U","15037277-2","746 Allendale Drive, 202","2025/03/04 14:02:03.429+00"
38.0466720000155,-84.5027909999116,"U","15085098-5","340 S Broadway, 203","2025/03/04 14:02:03.429+00"
38.0279339996578,-84.5356320002081,"U","15037277-3","746 Allendale Drive, 205","2025/03/04 14:02:03.429+00"
38.0467170002375,-84.5026604998747,"U","15085098-6","340 S Broadway, 204","2025/03/04 14:02:03.429+00"
38.0279700003685,-84.5354294997995,"U","15037277-4","746 Allendale Drive, 302","2025/03/04 14:02:03.429+00"
38.0279609998692,-84.5355599995533,"U","15037277-5","746 Allendale Drive, 303","2025/03/04 14:02:03.429+00"
38.0279159995838,-84.5354925004181,"U","15037277-6","746 Allendale Drive, 304","2025/03/04 14:02:03.429+00"
38.0278889998666,-84.5355554997097,"U","15037277-7","746 Allendale Drive, 306","2025/03/04 14:02:03.429+00"
38.0455470003706,-84.4952624995391,"U","15072712-1","175 E Main Street, 401","2025/03/04 14:02:03.429+00"
38.0454929998555,-84.4951950004363,"U","15072712-2","175 E Main Street, 402","2025/03/04 14:02:03.429+00"
38.0454660003017,-84.4952850004344,"U","15072712-3","175 E Main Street, 403","2025/03/04 14:02:03.429+00"
38.0454300004506,-84.4953480005532,"U","15072712-4","175 E Main Street, 404","2025/03/04 14:02:03.429+00"
38.0453849998338,-84.4953974997862,"U","15072712-5","175 E Main Street, 405","2025/03/04 14:02:03.429+00"
38.0453489999218,-84.4954604997793,"U","15072712-6","175 E Main Street, 406","2025/03/04 14:02:03.429+00"
38.0452949997028,-84.4955279994485,"U","15072712-7","175 E Main Street, 407","2025/03/04 14:02:03.429+00"
38.0455290002334,-84.4952310001105,"U","15072712-8","175 E Main Street, 501","2025/03/04 14:02:03.429+00"
38.0454750001401,-84.4951679999549,"U","15072712-9","175 E Main Street, 502","2025/03/04 14:02:03.429+00"
38.0454390002247,-84.4952670004799,"U","15072712-10","175 E Main Street, 503","2025/03/04 14:02:03.429+00"
38.0454119998697,-84.4953210000542,"U","15072712-11","175 E Main Street, 504","2025/03/04 14:02:03.429+00"
38.0453760000411,-84.4953750000311,"U","15072712-12","175 E Main Street, 505","2025/03/04 14:02:03.429+00"
38.0453309997917,-84.4954380004593,"U","15072712-13","175 E Main Street, 506","2025/03/04 14:02:03.429+00"
38.045277000062,-84.4955010000974,"U","15072712-14","175 E Main Street, 507","2025/03/04 14:02:03.429+00"
38.0453219995719,-84.4955729996763,"U","15072712-15","175 E Main Street, 508","2025/03/04 14:02:03.429+00"
38.0455200001924,-84.4952714998585,"U","15072712-16","175 E Main Street, 601","2025/03/04 14:02:03.429+00"
38.0454659996561,-84.4952129997233,"U","15072712-17","175 E Main Street, 602","2025/03/04 14:02:03.429+00"
38.045420999625,-84.4952399999977,"U","15072712-18","175 E Main Street, 603","2025/03/04 14:02:03.429+00"
38.0453940001834,-84.4952939995717,"U","15072712-19","175 E Main Street, 604","2025/03/04 14:02:03.429+00"
38.0453580003673,-84.4953479995485,"U","15072712-20","175 E Main Street, 605","2025/03/04 14:02:03.429+00"
38.0099610003313,-84.5412930000332,"H","15082798-1","601 Cecil Way","2025/03/04 14:02:03.429+00"
38.0633759999705,-84.4817399998488,"U","15083202-1","1109 Mcclain Drive","2025/03/04 14:02:03.429+00"
38.045303999783,-84.4954110004129,"U","15072712-21","175 E Main Street, 606","2025/03/04 14:02:03.429+00"
38.0452590003677,-84.4954829996833,"U","15072712-22","175 E Main Street, 607","2025/03/04 14:02:03.429+00"
38.0183850002494,-84.5165295002713,"U","15083241-1","122 Suburban Court","2025/03/04 14:02:03.429+00"
38.0517030004242,-84.4951275003666,"U","11194100-1","322 W Third Street","2025/03/04 14:02:03.429+00"
38.0216519999694,-84.4050150001468,"U","15085238-1","3124 Roundway Down Lane","2025/03/04 14:02:03.429+00"
38.0535479996103,-84.4708544999275,"U","15065006-1","1016 Oak Hill Drive","2025/03/04 14:02:03.429+00"
38.0184299997869,-84.5167094997564,"U","15083241-2","124 Suburban Court","2025/03/04 14:02:03.429+00"
38.0157660003533,-84.5144190001895,"U","15082747-1","102 Johnston Boulevard","2025/03/04 14:02:03.429+00"
38.0166570002782,-84.5131724996781,"U","15082747-2","110 Hiltonia Park, 1","2025/03/04 14:02:03.429+00"
38.0001779997481,-84.4559910004875,"U","15080545-1","405 Windfield Place","2025/03/04 14:02:03.429+00"
38.0549969998943,-84.4635869997869,"U","15073633-1","1059 Darley Drive","2025/03/04 14:02:03.429+00"
38.0166570002782,-84.5131724996781,"U","15082747-3","110 Hiltonia Park, 2","2025/03/04 14:02:03.429+00"
38.0567610000906,-84.5001269998218,"H","15085622-1","549 W Third Street","2025/03/04 14:02:03.429+00"
38.0232450004451,-84.4434135004694,"U","15082832-1","640 Declaration Court","2025/03/04 14:02:03.429+00"
37.9910160002945,-84.4439534999034,"U","15083295-1","312 Lakebend Court","2025/03/04 14:02:03.429+00"
38.049732000127,-84.5566965001976,"U","15075802-1","2417 Seine Road","2025/03/04 14:02:03.429+00"
38.0232179998594,-84.4053255004697,"U","15073351-1","2944 Polo Club Boulevard","2025/03/04 14:02:03.429+00"
37.993598999984,-84.5515170000342,"U","15079949-1","3417 Holwyn Road","2025/03/04 14:02:03.429+00"
38.0200589997198,-84.5360100002689,"U","15065117-1","624 Sheridan Road","2025/03/04 14:02:03.429+00"
38.0569410002626,-84.492891000017,"U","15080794-1","470 Willy Street","2025/03/04 14:02:03.429+00"
38.0077290000139,-84.5149049995776,"H","15078999-1","145 Zandale Drive","2025/03/04 14:02:03.429+00"
38.0613240002759,-84.4884270002977,"U","15068230-1","742 Bellaire  Avenue, 101","2025/03/04 14:02:03.429+00"
38.0613329996118,-84.4884494995577,"U","15068230-2","742 Bellaire  Avenue, 102","2025/03/04 14:02:03.429+00"
38.0612970002569,-84.4884045002271,"U","15068230-3","742 Bellaire  Avenue, 201","2025/03/04 14:02:03.429+00"
38.0494079997592,-84.4871714999116,"U","15006321-2","433 Silver Maple Way","2025/03/04 14:02:03.429+00"
38.0488889443853,-84.4897740172251,"U","15082769-1","337 N MLK Boulevard","2025/03/04 14:02:03.429+00"
38.0491469997741,-84.4867800003125,"U","15006321-1","434 Silver Maple Way","2025/03/04 14:02:03.429+00"
38.0369970002104,-84.4900380001271,"H","15085682-1","146 Kentucky Avenue","2025/03/04 14:02:03.429+00"
38.0351700003946,-84.4954560004471,"H","15064542-1","361 Woodland Avenue, A","2025/03/04 14:02:03.429+00"
38.0976299999781,-84.5356859998645,"U","15085267-1","613 Skyview Lane","2025/03/04 14:02:03.429+00"
37.8867149996233,-84.3476895003488,"U","15082579-1","8732 Beach Road","2025/03/04 14:02:03.429+00"
38.0401559996006,-84.4957844997144,"U","15086217-1","305 Grosvenor Avenue","2025/03/04 14:02:03.429+00"
38.0542589997905,-84.4697835002019,"U","15061828-1","1106 Oak Hill Drive","2025/03/04 14:02:03.429+00"
37.9482480000454,-84.3621210001782,"U","15082579-2","6483 Athens Boonesboro Road","2025/03/04 14:02:03.429+00"
38.0034179999064,-84.5101799995429,"U","15079512-1","241 E Lowry Lane","2025/03/04 14:02:03.429+00"
38.0327490000055,-84.4739639995618,"U","15063217-1","231 Bassett Avenue","2025/03/04 14:02:03.429+00"
38.0387250000887,-84.5243685004539,"U","15063217-3","521 Addison Avenue","2025/03/04 14:02:03.429+00"
38.0262869997629,-84.5275545000692,"U","15080968-1","505 Reed Lane","2025/03/04 14:02:03.429+00"
37.9726470002308,-84.5218035003661,"U","15063217-2","3904 Suffolk Circle","2025/03/04 14:02:03.429+00"
37.9872719997749,-84.5206469996445,"U","15080968-3","2927 Edinburgh Drive","2025/03/04 14:02:03.429+00"
38.0268540000477,-84.5297730001803,"U","15080968-2","546 Reed Lane","2025/03/04 14:02:03.429+00"
38.006504999861,-84.513424499725,"U","15080967-1","216 Zandale Drive","2025/03/04 14:02:03.429+00"
38.0031299998631,-84.4918875004182,"U","15082504-1","3110 Lamar Drive","2025/03/04 14:02:03.429+00"
38.0680380003362,-84.4567245002815,"U","15080967-2","13 Tanglewood Drive","2025/03/04 14:02:03.429+00"
38.0573460003087,-84.4802864996937,"U","15061464-1","114 Wittland Lane","2025/03/04 14:02:03.429+00"
38.0484810003062,-84.4408125003953,"U","15073527-1","1804 Gayle Drive","2025/03/04 14:02:03.429+00"
38.0318220003326,-84.4694414997036,"U","15080967-3","402 Kingswood Drive","2025/03/04 14:02:03.429+00"
38.0123549995611,-84.5482815004304,"U","15073527-2","717 Nakomi Drive","2025/03/04 14:02:03.429+00"
38.0349000003261,-84.5499735000285,"U","15082707-1","1900 Alexandria Drive","2025/03/04 14:02:03.429+00"
38.0015639998266,-84.5596260003584,"H","15064462-1","3196 Roxburg Drive","2025/03/04 14:02:03.429+00"
37.9717380000964,-84.5301555003875,"U","15079982-1","124 Manitoba Lane","2025/03/04 14:02:03.429+00"
38.0665350003706,-84.5206424998045,"H","15070669-1","1470 Meadowthorpe Avenue","2025/03/04 14:02:03.429+00"
37.9996920002673,-84.5000325003041,"U","15079331-1","3217 Breckenwood Drive","2025/03/04 14:02:03.429+00"
38.0902500004328,-84.5395515000562,"U","15082856-1","2620 Marble Lane","2025/03/04 14:02:03.429+00"
38.0509380001007,-84.4908614994829,"U","15061059-2","367 N Limestone, 102","2025/03/04 14:02:03.429+00"
38.0508930001757,-84.4908614999183,"U","15061059-1","367 N Limestone, 101","2025/03/04 14:02:03.429+00"
38.0509084168093,-84.4907325882407,"U","15061059-3","369 N Limestone, 201","2025/03/04 14:02:03.429+00"
38.0504249997766,-84.5086139998811,"U","15065566-1","864 W High Street","2025/03/04 14:02:03.429+00"
38.0516760003104,-84.4986734996911,"H","15083475-1","432 W Second Street","2025/03/04 14:02:03.429+00"
38.0363129996525,-84.4833329995001,"U","15061361-1","133 N Ashland Avenue, 1","2025/03/04 14:02:03.429+00"
37.9822139997668,-84.5613000004927,"U","15078684-1","1140 Spring Run Road","2025/03/04 14:02:03.429+00"
38.0212020001968,-84.5115165003349,"U","15070620-1","130 Shawnee Place","2025/03/04 14:02:03.429+00"
38.0040029997529,-84.4214940000989,"U","15061495-1","264 Forest Hill Drive","2025/03/04 14:02:03.429+00"
38.0035619998056,-84.4215704995349,"U","15061495-2","280 Forest Hill Drive","2025/03/04 14:02:03.429+00"
37.9818270000455,-84.5179470000994,"U","15077317-2","3619 Temple Drive","2025/03/04 14:02:03.429+00"
38.0095739995829,-84.5514225002822,"U","15077317-1","820 Tomahawk Trail","2025/03/04 14:02:03.429+00"
37.9836359996932,-84.5679689999311,"H","15066818-1","1300 Copper Creek Drive","2025/03/04 14:02:03.429+00"
38.0448899995677,-84.4891604997825,"U","15085597-1","337 E Second Street","2025/03/04 14:02:03.429+00"
38.0253510002042,-84.5124524995569,"U","15017370-1","103 Westwood  Drive","2025/03/04 14:02:03.429+00"
38.0536919998783,-84.4824735001778,"U","15082792-1","675 N MLK Boulevard","2025/03/04 14:02:03.429+00"
38.0447820002234,-84.488179500354,"U","15075415-1","225 Ford  Place","2025/03/04 14:02:03.429+00"
38.0730869996604,-84.5229600004006,"H","15085360-1","324 Hillsboro Avenue","2025/03/04 14:02:03.429+00"
37.9943910002592,-84.4394219998634,"U","15077283-1","3580 Squire Woods Way","2025/03/04 14:02:03.429+00"
38.0057310002949,-84.4584164994811,"U","15086457-1","248 Chippendale Circle","2025/03/04 14:02:03.429+00"
38.0542319996529,-84.4855694999326,"H","15082216-1","620 N Limestone, 1","2025/03/04 14:02:03.429+00"
38.0542050003412,-84.485528999645,"H","15082216-2","620 N Limestone, 2","2025/03/04 14:02:03.429+00"
38.0541780000249,-84.4854929999655,"H","15082216-3","620 N Limestone, 3","2025/03/04 14:02:03.429+00"
38.0542049997843,-84.4856009998568,"H","15082216-4","620 N Limestone, 4","2025/03/04 14:02:03.429+00"
38.0552670001619,-84.4787069994564,"U","15083529-1","199 E Loudon Avenue, 101","2025/03/04 14:02:03.429+00"
38.0541600003388,-84.485533500537,"H","15082216-5","620 N Limestone, 6","2025/03/04 14:02:03.429+00"
38.0541599996876,-84.485610000145,"H","15082216-7","620 N Limestone, 8","2025/03/04 14:02:03.429+00"
38.0541870001558,-84.485636999835,"H","15082216-6","620 N Limestone, 7","2025/03/04 14:02:03.429+00"
38.0551589999298,-84.4786439999773,"U","15083529-2","199 E Loudon Avenue, 102","2025/03/04 14:02:03.429+00"
38.0362680000612,-84.4776765002082,"U","15082641-1","923 Cramer Avenue","2025/03/04 14:02:03.429+00"
38.0548800001695,-84.486554999558,"U","15083529-3","614 N Upper Street","2025/03/04 14:02:03.429+00"
38.0266829996025,-84.4878330002609,"U","15082632-1","209 Cochran Road","2025/03/04 14:02:03.429+00"
38.0245409996962,-84.4980929998385,"U","15082631-1","635 Cooper Drive","2025/03/04 14:02:03.429+00"
38.0085209996332,-84.4058430002582,"U","15029673-1","1208 Morning Side Drive","2025/03/04 14:02:03.429+00"
38.0080080002475,-84.4072649994888,"U","15029673-2","1129 Morning Side Drive","2025/03/04 14:02:03.429+00"
38.0261699995892,-84.4979220005255,"U","15079566-1","656 Berry Lane","2025/03/04 14:02:03.429+00"
38.0560499999931,-84.4902630003647,"U","12603900-1","543 N Broadway","2025/03/04 14:02:03.429+00"
38.0561220000798,-84.5023004999372,"U","15083021-1","218 Old Georgetown Street","2025/03/04 14:02:03.429+00"
37.9934279998928,-84.4827210001935,"U","15082024-1","3438 Pepperhill Road","2025/03/04 14:02:03.429+00"
38.0762460001205,-84.4528995001247,"H","15082721-1","2100 Old Paris Road","2025/03/04 14:02:03.429+00"
38.0140199998831,-84.409352999443,"U","15082759-1","1205 Aspen Court","2025/03/04 14:02:03.429+00"
38.0911949995749,-84.5526870005055,"U","15086398-1","2912 Piedmont Park","2025/03/04 14:02:03.429+00"
38.0728979998711,-84.4455105000471,"U","15085621-1","2240 Preakness  Court","2025/03/04 14:02:03.429+00"
37.981620000358,-84.5399159996192,"U","4913500-1","337 Cromwell Way","2025/03/04 14:02:03.429+00"
37.9782900002877,-84.5379945000074,"U","4913500-2","3572 Lochdale Terrace","2025/03/04 14:02:03.429+00"
38.0242619999228,-84.5141985000878,"U","15083542-1","186 Sioux Road","2025/03/04 14:02:03.429+00"
38.0545470001151,-84.5039835003006,"U","15083424-1","155 Old Georgetown Street, 202","2025/03/04 14:02:03.429+00"
38.0124990002022,-84.5156700003493,"U","15080446-1","1922 Nicholasville Road","2025/03/04 14:02:03.429+00"
38.0774969996057,-84.6068804996036,"U","15084998-1","1651 Elkchester Road","2025/03/04 14:02:03.429+00"
38.0189340001603,-84.4823699994436,"U","15082863-1","513 Chinoe Road","2025/03/04 14:02:03.429+00"
37.9978020001879,-84.4971120005354,"H","15068249-1","820 Raven Road","2025/03/04 14:02:03.429+00"
38.0217329999253,-84.516066000138,"U","15086492-1","214 Arcadia Park","2025/03/04 14:02:03.429+00"
38.1960989996971,-84.3995880001829,"H","15082820-1","3633 Carrick Road","2025/03/04 14:02:03.429+00"
37.9774259999532,-84.5199540001688,"U","15062572-1","236 E Tiverton Way","2025/03/04 14:02:03.429+00"
38.039849999695,-84.5427059997575,"H","15086069-1","1730 Blue Licks Road","2025/03/04 14:02:03.429+00"
38.0080260003798,-84.4910954996515,"U","15082836-1","804 Turkey Foot Road, 4","2025/03/04 14:02:03.429+00"
38.0356110000198,-84.4752329997139,"H","15082576-1","305 Owsley Avenue","2025/03/04 14:02:03.429+00"
37.9792260004145,-84.4554239994439,"U","15084966-1","1249 Fenwick Road","2025/03/04 14:02:03.429+00"
38.0102400003874,-84.5444834998213,"U","15055190-1","639 Cecil Way","2025/03/04 14:34:54+00"
38.0915190002541,-84.5477325001546,"U","15085935-1","257 Gateway Park Circle","2025/03/04 14:02:03.429+00"
38.0392109998307,-84.5130105002434,"U","15083038-1","376 Bucoto Court","2025/03/04 14:02:03.429+00"
38.0221109999115,-84.5140364996858,"U","15086557-1","110 Barberry Lane","2025/03/04 14:02:03.429+00"
38.0694690003027,-84.5194275004111,"H","15083361-1","1494 Townley Drive","2025/03/04 14:02:03.429+00"
38.0530709999621,-84.49950599976,"U","15086844-1","467 W Second Street","2025/03/04 14:02:03.429+00"
38.0530709999621,-84.49950599976,"U","15086844-1","467 W Second Street","2025/03/04 14:02:03.429+00"
38.0530709999621,-84.49950599976,"U","15086844-1","467 W Second Street","2025/03/04 14:02:03.429+00"
38.1051900000865,-84.537778500038,"U","15083187-1","3068 Sandersville Road","2025/03/04 14:02:03.429+00"
38.0352600003566,-84.4687259997314,"U","12815400-1","385 Sherman Avenue","2025/03/04 14:02:03.429+00"
38.0336940004155,-84.4709490005536,"U","15082536-1","317 Sherman Avenue","2025/03/04 14:02:03.429+00"
37.9978380001719,-84.5712044995038,"H","15076476-1","1905 Pyfer Court","2025/03/04 14:02:03.429+00"
37.9963979998559,-84.491864999794,"H","15086548-1","3386 Moundview Court","2025/03/04 14:02:03.429+00"
38.0417219997196,-84.4952625002262,"U","15083698-1","258 E High Street, 104","2025/03/04 14:02:03.429+00"
38.0513610001374,-84.5096895000959,"U","15082712-1","955 Tarr Trace, 2111","2025/03/04 14:02:03.429+00"
38.0590200000132,-84.4889175005513,"U","15067971-1","663 Headley Avenue, 1","2025/03/04 14:02:03.429+00"
38.0173499997659,-84.521164500452,"U","15082753-1","161 Wabash Drive","2025/03/04 14:02:03.429+00"
38.0590920000787,-84.4889535000035,"U","15067971-2","663 Headley Avenue, 6","2025/03/04 14:02:03.429+00"
38.0507760000977,-84.4886565005336,"U","15084677-1","420 Johnson Avenue","2025/03/04 14:02:03.429+00"
38.0315789997653,-84.4906320001467,"U","15086828-1","726 E High Street","2025/03/04 14:02:03.429+00"
38.0310930000257,-84.5447535002333,"U","15083449-1","901 Lane Allen Road","2025/03/04 14:02:03.429+00"
38.0267639998426,-84.4920855001837,"U","15083681-1","830 Melrose Avenue","2025/03/04 14:02:03.429+00"
38.0483549999601,-84.498079499554,"U","15082743-1","268 W Short Street, Unit 1","2025/03/04 14:02:03.429+00"
38.0483549999601,-84.498079499554,"U","15082743-2","268 W Short Street, Unit 2","2025/03/04 14:02:03.429+00"
38.0589299998336,-84.4929405004969,"U","15072257-1","554 Jefferson Street","2025/03/04 14:02:03.429+00"
38.031489000301,-84.4725059995948,"U","15083991-1","333 Henry Clay Boulevard","2025/03/04 14:02:03.429+00"
38.108096999915,-84.5217809999883,"","","2861 Kearney Creek Lane","2025/03/04 14:02:03.429+00"
37.9756169997104,-84.5245844997385,"U","15084359-1","254 Tangley Way","2025/03/04 14:02:03.429+00"
37.9664640003174,-84.4658999997089,"U","15080139-2","3535 Kenesaw Drive","2025/03/04 14:02:03.429+00"
38.0206440000155,-84.5144954997429,"H","15082607-1","112.5 Arcadia Park","2025/03/04 14:02:03.429+00"
38.0100780003678,-84.471965999658,"U","15083130-1","466 Lakeshore Drive","2025/03/04 14:02:03.429+00"
38.0066669997688,-84.5298225002643,"U","15068521-1","2604 Oakmont Drive","2025/03/04 14:02:03.429+00"
38.0306249997692,-84.5223345001412,"U","15080712-1","361 Mockingbird Lane","2025/03/04 14:02:03.429+00"
37.9665269995655,-84.465877499865,"U","15080139-1","3531 Kenesaw Drive","2025/03/04 14:02:03.429+00"
37.9770300002093,-84.5550630005143,"U","15080012-1","3832 Lee Adams Lane","2025/03/04 14:02:03.429+00"
38.0523690000007,-84.5040779995848,"U","15082704-1","628 W Main Street","2025/03/04 14:02:03.429+00"
38.050631999618,-84.4918335001815,"U","15024869-3","113 Salem Street","2025/03/04 14:02:03.429+00"
38.0504789996582,-84.4917165002242,"U","15024869-1","339 N  Limestone","2025/03/04 14:02:03.429+00"
38.050631999618,-84.4918335001815,"U","15024869-4","111-113 Salem Street","2025/03/04 14:02:03.429+00"
38.1114090003617,-84.5241929999924,"U","15082762-1","2657 Kearney Ridge Blvd","2025/03/04 14:02:03.429+00"
38.0406149999397,-84.4878690003258,"U","15086906-1","480 Skain Avenue, #103","2025/03/04 14:02:03.429+00"
38.0954715373555,-84.5399500338195,"U","15080614-1","312 Sandersville Road","2025/03/04 14:02:03.429+00"
38.0506050000119,-84.4918020002883,"U","15024869-2","111 Salem Street","2025/03/04 14:02:03.429+00"
38.0907720003787,-84.5528535001042,"U","15080614-2","2909 Trailside Drive","2025/03/04 14:02:03.429+00"
38.0320379996134,-84.4750080002143,"U","15082794-1","203 Bassett Avenue","2025/03/04 14:02:03.429+00"
38.0352960000957,-84.4733340000476,"U","15055494-1","304 Lincoln Avenue","2025/03/04 14:02:03.429+00"
37.9827540001919,-84.5121780004082,"U","15085054-1","3548 King Arthur Drive","2025/03/04 14:02:03.429+00"
38.054799000204,-84.4866944995087,"U","15063079-2","610 N Upper Street","2025/03/04 14:02:03.429+00"
38.0469420003606,-84.5033984995744,"U","15084548-1","355 S Broadway, 103","2025/03/04 14:02:03.429+00"
38.0556990001201,-84.4966620001774,"U","15063079-3","351 Ross Avenue","2025/03/04 14:02:03.429+00"
38.0100779995943,-84.5309070005662,"U","","286 Clearview Drive","2025/03/04 14:02:03.429+00"
38.0613600003893,-84.5183384997587,"H","15066820-1","104 Clyde Street","2025/03/04 14:02:03.429+00"
37.9792439997394,-84.5572274998911,"H","15082663-1","3840 McGarry Drive","2025/03/04 14:02:03.429+00"
38.0546999997642,-84.5032635000679,"U","15063079-1","167 Old Georgetown Street, 102","2025/03/04 14:02:03.429+00"
38.0281050000158,-84.5194319999028,"U","15060090-1","1571 Heron Lane","2025/03/04 14:02:03.429+00"
38.0158019998443,-84.516979500079,"U","15084821-1","111 Wabash Drive","2025/03/04 14:02:03.429+00"
38.0575260003259,-84.4800614996618,"U","15086955-1","113 Wittland Lane","2025/03/04 14:02:03.429+00"
38.0000609998966,-84.4594379995944,"U","15060090-2","2774 Baybrook Road","2025/03/04 14:02:03.429+00"
38.0456009998212,-84.4986104996883,"U","TBD","106 W Vine Street, 505","2025/03/04 14:02:03.429+00"
38.0404260001854,-84.4881210003799,"U","15085273-1","480 Skain Street, #207","2025/03/04 14:02:03.429+00"
38.0564459995716,-84.4709220005684,"U","15082770-1","411 Carlisle Avenue","2025/03/04 14:02:03.429+00"
38.007449999839,-84.5740350001049,"U","15082409-1","3652 Cottage Circle","2025/03/04 14:02:03.429+00"
38.0255220002268,-84.5518005003921,"U","15082409-2","2125 Winterberry Drive","2025/03/04 14:02:03.429+00"
38.0141910004377,-84.4078635001139,"U","15067983-1","1452 Pleasant Ridge Drive","2025/03/04 14:02:03.429+00"
38.0253239998601,-84.4950464998743,"U","15082703-1","705 Berry Lane","2025/03/04 14:02:03.429+00"
38.061422999926,-84.4783560000043,"H","15084362-1","117 Twelfth Street","2025/03/04 14:02:03.429+00"
38.0189700002192,-84.4689105000599,"U","15083499-1","164 Lakeshore Drive,  #3","2025/03/04 14:02:03.429+00"
38.0189520003781,-84.4688879995175,"U","15083499-2","164 Lakeshore Drive,  #4","2025/03/04 14:02:03.429+00"
38.0458709999526,-84.501917999775,"U","15080355-1","346 S Mill Street","2025/03/04 14:02:03.429+00"
38.0428649997242,-84.4957665000891,"U","15084080-1","227 E High Street, #1","2025/03/04 14:02:03.429+00"
38.051846999891,-84.5351010003048,"U","15086999-1","139 Garrett Avenue","2025/03/04 14:02:03.429+00"
38.0428649997242,-84.4957665000891,"U","15084080-2","227 E High Street, #2","2025/03/04 14:02:03.429+00"
